{
	"credit": "Made with Blockbench",
	"textures": {
		"0": "poopy/handcuffs",
		"particle": "poopy/handcuffs"
	},
	"elements": [
		{
			"from": [1, 0, 7.5],
			"to": [6, 1, 8.5],
			"rotation": {"angle": 0, "axis": "y", "origin": [1, 0, 7.5]},
			"faces": {
				"north": {"uv": [0, 0, 5, 1], "texture": "#0"},
				"east": {"uv": [8, 7, 9, 8], "texture": "#0"},
				"south": {"uv": [0, 1, 5, 2], "texture": "#0"},
				"west": {"uv": [0, 9, 1, 10], "texture": "#0"},
				"up": {"uv": [5, 3, 0, 2], "texture": "#0"},
				"down": {"uv": [5, 3, 0, 4], "texture": "#0"}
			}
		},
		{
			"from": [11, 8, 7.5],
			"to": [12, 11, 8.5],
			"rotation": {"angle": 45, "axis": "z", "origin": [17, 7, 7.5]},
			"faces": {
				"north": {"uv": [3, 6, 2, 9], "texture": "#0"},
				"east": {"uv": [5, 6, 4, 9], "texture": "#0"},
				"south": {"uv": [4, 6, 3, 9], "texture": "#0"},
				"west": {"uv": [7, 2, 6, 5], "texture": "#0"},
				"up": {"uv": [9, 4, 10, 3], "texture": "#0"},
				"down": {"uv": [4, 9, 5, 10], "texture": "#0"}
			}
		},
		{
			"from": [12, 11, 7.5],
			"to": [17, 12, 8.5],
			"rotation": {"angle": 45, "axis": "z", "origin": [17, 7, 7.5]},
			"faces": {
				"north": {"uv": [5, 4, 0, 5], "texture": "#0"},
				"east": {"uv": [3, 9, 2, 10], "texture": "#0"},
				"south": {"uv": [5, 5, 0, 6], "texture": "#0"},
				"west": {"uv": [2, 9, 1, 10], "texture": "#0"},
				"up": {"uv": [5, 1, 10, 0], "texture": "#0"},
				"down": {"uv": [5, 1, 10, 2], "texture": "#0"}
			}
		},
		{
			"from": [16, 8, 7.5],
			"to": [17, 11, 8.5],
			"rotation": {"angle": 45, "axis": "z", "origin": [17, 7, 7.5]},
			"faces": {
				"north": {"uv": [7, 5, 6, 8], "texture": "#0"},
				"east": {"uv": [9, 2, 8, 5], "texture": "#0"},
				"south": {"uv": [8, 5, 7, 8], "texture": "#0"},
				"west": {"uv": [8, 2, 7, 5], "texture": "#0"},
				"up": {"uv": [3, 11, 4, 10], "texture": "#0"},
				"down": {"uv": [10, 3, 11, 4], "texture": "#0"}
			}
		},
		{
			"from": [12, 8, 7.5],
			"to": [13, 11, 8.5],
			"rotation": {"angle": 45, "axis": "z", "origin": [17, 7, 7.5]},
			"faces": {
				"north": {"uv": [6, 2, 5, 5], "texture": "#0"},
				"east": {"uv": [2, 6, 1, 9], "texture": "#0"},
				"south": {"uv": [1, 6, 0, 9], "texture": "#0"},
				"west": {"uv": [6, 5, 5, 8], "texture": "#0"},
				"up": {"uv": [9, 3, 10, 2], "texture": "#0"},
				"down": {"uv": [3, 9, 4, 10], "texture": "#0"}
			}
		},
		{
			"from": [12, 7, 7.5],
			"to": [17, 8, 8.5],
			"rotation": {"angle": 45, "axis": "z", "origin": [17, 7, 7.5]},
			"faces": {
				"north": {"uv": [5, 0, 0, 1], "texture": "#0"},
				"east": {"uv": [1, 9, 0, 10], "texture": "#0"},
				"south": {"uv": [5, 1, 0, 2], "texture": "#0"},
				"west": {"uv": [9, 7, 8, 8], "texture": "#0"},
				"up": {"uv": [0, 3, 5, 2], "texture": "#0"},
				"down": {"uv": [0, 3, 5, 4], "texture": "#0"}
			}
		},
		{
			"from": [1, 4, 7.5],
			"to": [6, 5, 8.5],
			"rotation": {"angle": 0, "axis": "y", "origin": [1, 0, 7.5]},
			"faces": {
				"north": {"uv": [0, 4, 5, 5], "texture": "#0"},
				"east": {"uv": [1, 9, 2, 10], "texture": "#0"},
				"south": {"uv": [0, 5, 5, 6], "texture": "#0"},
				"west": {"uv": [2, 9, 3, 10], "texture": "#0"},
				"up": {"uv": [10, 1, 5, 0], "texture": "#0"},
				"down": {"uv": [10, 1, 5, 2], "texture": "#0"}
			}
		},
		{
			"from": [5, 1, 7.5],
			"to": [6, 4, 8.5],
			"rotation": {"angle": 0, "axis": "y", "origin": [1, 0, 7.5]},
			"faces": {
				"north": {"uv": [5, 2, 6, 5], "texture": "#0"},
				"east": {"uv": [5, 5, 6, 8], "texture": "#0"},
				"south": {"uv": [0, 6, 1, 9], "texture": "#0"},
				"west": {"uv": [1, 6, 2, 9], "texture": "#0"},
				"up": {"uv": [10, 3, 9, 2], "texture": "#0"},
				"down": {"uv": [4, 9, 3, 10], "texture": "#0"}
			}
		},
		{
			"from": [6, 1, 7.5],
			"to": [7, 4, 8.5],
			"rotation": {"angle": 0, "axis": "y", "origin": [1, 0, 7.5]},
			"faces": {
				"north": {"uv": [2, 6, 3, 9], "texture": "#0"},
				"east": {"uv": [6, 2, 7, 5], "texture": "#0"},
				"south": {"uv": [3, 6, 4, 9], "texture": "#0"},
				"west": {"uv": [4, 6, 5, 9], "texture": "#0"},
				"up": {"uv": [10, 4, 9, 3], "texture": "#0"},
				"down": {"uv": [5, 9, 4, 10], "texture": "#0"}
			}
		},
		{
			"from": [7, 2, 7.5],
			"to": [8, 3, 8.5],
			"rotation": {"angle": 0, "axis": "y", "origin": [3, 0, 7.5]},
			"faces": {
				"north": {"uv": [9, 4, 10, 5], "texture": "#0"},
				"east": {"uv": [5, 9, 6, 10], "texture": "#0"},
				"south": {"uv": [6, 9, 7, 10], "texture": "#0"},
				"west": {"uv": [7, 9, 8, 10], "texture": "#0"},
				"up": {"uv": [10, 8, 9, 7], "texture": "#0"},
				"down": {"uv": [9, 9, 8, 10], "texture": "#0"}
			}
		},
		{
			"from": [8, 3, 7.5],
			"to": [10, 4, 8.5],
			"rotation": {"angle": 0, "axis": "y", "origin": [4, 1, 7.5]},
			"faces": {
				"north": {"uv": [5, 8, 7, 9], "texture": "#0"},
				"east": {"uv": [9, 8, 10, 9], "texture": "#0"},
				"south": {"uv": [8, 5, 10, 6], "texture": "#0"},
				"west": {"uv": [9, 9, 10, 10], "texture": "#0"},
				"up": {"uv": [10, 7, 8, 6], "texture": "#0"},
				"down": {"uv": [9, 8, 7, 9], "texture": "#0"}
			}
		},
		{
			"from": [10, 4, 7.6],
			"to": [11, 5, 8.4],
			"rotation": {"angle": 0, "axis": "y", "origin": [6, 2, 7.5]},
			"faces": {
				"north": {"uv": [0, 10, 1, 11], "texture": "#0"},
				"east": {"uv": [10, 0, 11, 1], "texture": "#0"},
				"south": {"uv": [1, 10, 2, 11], "texture": "#0"},
				"west": {"uv": [10, 1, 11, 2], "texture": "#0"},
				"up": {"uv": [3, 11, 2, 10], "texture": "#0"},
				"down": {"uv": [11, 2, 10, 3], "texture": "#0"}
			}
		},
		{
			"from": [1, 1, 7.5],
			"to": [2, 4, 8.5],
			"rotation": {"angle": 0, "axis": "y", "origin": [1, 0, 7.5]},
			"faces": {
				"north": {"uv": [6, 5, 7, 8], "texture": "#0"},
				"east": {"uv": [7, 2, 8, 5], "texture": "#0"},
				"south": {"uv": [7, 5, 8, 8], "texture": "#0"},
				"west": {"uv": [8, 2, 9, 5], "texture": "#0"},
				"up": {"uv": [4, 11, 3, 10], "texture": "#0"},
				"down": {"uv": [11, 3, 10, 4], "texture": "#0"}
			}
		}
	],
	"groups": [
		{
			"name": "group",
			"origin": [8, 8, 8.5],
			"color": 0,
			"children": [0, 1, 2, 3, 4, 5, 6, 7, 8, 9, 10, 11, 12]
		}
	]
}