{
	"credit": "Made with Blockbench",
	"textures": {
		"0": "poopy/poop",
		"particle": "poopy/poop"
	},
	"elements": [
		{
			"from": [4, 0, 8],
			"to": [12, 8, 8],
			"rotation": {"angle": 0, "axis": "y", "origin": [7, 0, 7]},
			"faces": {
				"north": {"uv": [0, 0, 8, 8], "texture": "#0"},
				"east": {"uv": [0, 0, 0, 8], "texture": "#0"},
				"south": {"uv": [0, 8, 8, 16], "texture": "#0"},
				"west": {"uv": [0, 0, 0, 8], "texture": "#0"},
				"up": {"uv": [8, 0, 0, 0], "texture": "#0"},
				"down": {"uv": [8, 0, 0, 0], "texture": "#0"}
			}
		}
	],
	"display": {
		"thirdperson_righthand": {
			"translation": [0, 8.25, 1.25]
		},
		"thirdperson_lefthand": {
			"translation": [0, 7.5, 1]
		},
		"firstperson_righthand": {
			"rotation": [-19, -43, 0],
			"translation": [0.25, 6.75, -0.75]
		},
		"firstperson_lefthand": {
			"rotation": [-7, -38, 0],
			"translation": [-0.75, 7.5, 0]
		}
	}
}